year,DOM,followers
2015,1.0,2.0
2016,34.666666666666664,6.666666666666667
2017,78.5,38.0
