year,DOM,followers
2012,1.0,0.0
2013,1.0,0.5
2015,1.0,14.0
2016,116.5,61.0
2017,60.666666666666664,55.333333333333336
