year,DOM,followers
2011,1.0,0.0
2012,1.0,0.0
2013,1.0,0.5
2015,1.0,4.388888888888889
2016,36.45454545454545,12.772727272727273
2017,90.0,40.166666666666664
