year,DOM,followers
2011,1.0,0.0
2012,1.0,0.0
2013,1.0,0.0
2014,4.0,9.0
2015,1.0,6.416666666666667
2016,62.15909090909091,25.09090909090909
2017,94.6875,37.375
