year,DOM,followers
2011,1.0,0.0
2013,1.0,1.0
2014,1.0,0.0
2015,1.0,5.625
2016,33.76923076923077,27.53846153846154
2017,48.0,97.0909090909091
