year,DOM,followers
2012,1.0,0.0
2014,1.0,1.5
2015,1.0,2.25
2016,84.28571428571429,33.92857142857143
2017,96.55555555555556,47.44444444444444
