year,DOM,followers
2016,118.33333333333333,9.666666666666666
2017,54.0,12.0
