year,DOM,followers
2011,1.0,0.0
2012,1.0,0.4444444444444444
2013,1.0,5.875
2014,1.0,4.8
2015,1.0,6.352941176470588
2016,45.2,26.16
2017,49.828125,54.328125
