year,DOM,followers
2012,1.0,2.0
2013,1.0,0.3333333333333333
2014,1.0,0.0
2015,1.0,5.153846153846154
2016,46.75,29.083333333333332
2017,95.25,87.5
