year,DOM,followers
2015,1.0,9.666666666666666
2016,89.5,27.0
2017,150.33333333333334,87.33333333333333
