year,DOM,followers
2012,1.0,0.0
2013,1.375,15.25
2014,1.0,2.5
2015,1.0,9.547619047619047
2016,34.49122807017544,24.219298245614034
2017,54.1578947368421,39.44736842105263
