year,DOM,followers
2011,1.0,0.0
2013,2.3333333333333335,6.666666666666667
2015,1.0,1.6666666666666667
2016,59.25,55.5
2017,59.333333333333336,70.66666666666667
